Certificate,Runtime,Genre,IMDB_Rating,Meta_score,Director,No_of_Votes,Gross,Released_Decade
A,175,Crime,9.2,100.0,Francis Ford Coppola,1620367,134.966411,1970s
UA,152,Action,9.0,84.0,Christopher Nolan,2303232,534.858444,2000s
A,202,Crime,9.0,90.0,Francis Ford Coppola,1129952,57.3,1970s
U,96,Crime,9.0,96.0,Sidney Lumet,689845,4.36,1950s
U,201,Action,8.9,94.0,Peter Jackson,1642758,377.845905,2000s
A,154,Crime,8.9,94.0,Quentin Tarantino,1826188,107.928762,1990s
A,195,Biography,8.9,94.0,Steven Spielberg,1213505,96.898818,1990s
UA,148,Action,8.8,74.0,Christopher Nolan,2067042,292.576195,2010s
A,139,Drama,8.8,66.0,David Fincher,1854740,37.030102,1990s
U,178,Action,8.8,92.0,Peter Jackson,1661481,315.54475,2000s
UA,142,Drama,8.8,82.0,Robert Zemeckis,1809221,330.252182,1990s
A,161,Western,8.8,90.0,Sergio Leone,688390,6.1,1960s
UA,179,Action,8.7,87.0,Peter Jackson,1485555,342.551365,2000s
A,136,Action,8.7,73.0,Lana Wachowski,1676426,171.47993,1990s
A,146,Biography,8.7,90.0,Martin Scorsese,1020727,46.836394,1990s
UA,124,Action,8.7,82.0,Irvin Kershner,1159315,290.475067,1980s
A,133,Drama,8.7,83.0,Milos Forman,918088,112.0,1970s
A,132,Comedy,8.6,96.0,Bong Joon Ho,552778,53.367844,2010s
UA,169,Adventure,8.6,74.0,Christopher Nolan,1512360,188.020017,2010s
A,130,Crime,8.6,79.0,Fernando Meirelles,699256,7.563397,2000s
U,125,Animation,8.6,96.0,Hayao Miyazaki,651376,10.055859,2000s
R,169,Drama,8.6,91.0,Steven Spielberg,1235804,216.540909,1990s
A,189,Crime,8.6,61.0,Frank Darabont,1147794,136.801374,1990s
U,116,Comedy,8.6,59.0,Roberto Benigni,623629,57.598247,1990s
A,127,Crime,8.6,65.0,David Fincher,1445096,100.125643,1990s
A,118,Crime,8.6,85.0,Jonathan Demme,1270197,130.742922,1990s
UA,121,Action,8.6,90.0,George Lucas,1231473,322.74014,1970s
U,207,Action,8.6,98.0,Akira Kurosawa,315744,0.269061,1950s
PG,130,Drama,8.6,89.0,Frank Capra,405801,17.057,1940s
A,122,Crime,8.5,59.0,Todd Phillips,939252,335.451311,2010s
A,106,Drama,8.5,88.0,Damien Chazelle,717585,13.092,2010s
UA,112,Biography,8.5,57.0,Olivier Nakache,760360,13.182281,2010s
U,130,Drama,8.5,66.0,Christopher Nolan,1190259,53.089891,2000s
A,151,Crime,8.5,85.0,Martin Scorsese,1189773,132.384315,2000s
R,150,Biography,8.5,85.0,Roman Polanski,729603,32.572577,2000s
UA,155,Action,8.5,67.0,Ridley Scott,1341460,187.705427,2000s
R,119,Drama,8.5,62.0,Tony Kaye,1034705,6.719864,1990s
A,106,Crime,8.5,77.0,Bryan Singer,991208,23.341568,1990s
A,110,Action,8.5,64.0,Luc Besson,1035236,19.501238,1990s
U,88,Animation,8.5,88.0,Roger Allers,942045,422.783777,1990s
U,137,Action,8.5,75.0,James Cameron,995506,204.84335,1990s
U,155,Drama,8.5,80.0,Giuseppe Tornatore,230763,11.990401,1980s
U,89,Animation,8.5,94.0,Isao Takahata,235231,52.70370166666667,1980s
U,116,Adventure,8.5,87.0,Robert Zemeckis,1058081,210.609762,1980s
U,165,Western,8.5,80.0,Sergio Leone,302844,5.321508,1960s
A,109,Horror,8.5,97.0,Alfred Hitchcock,604211,32.0,1950s
U,102,Drama,8.5,100.0,Michael Curtiz,522093,1.02456,1940s
G,87,Comedy,8.5,96.0,Charles Chaplin,217881,0.163245,1930s
G,87,Comedy,8.5,99.0,Charles Chaplin,167839,0.019181,1930s
A,126,Drama,8.4,75.0,Nadine Labaki,62635,1.661096,2010s
UA,147,Action,8.4,73.52941176470588,Gayatri,28401,169.74104375000002,2010s
U,106,Animation,8.4,79.0,Makoto Shinkai,194838,5.017246,2010s
U,161,Action,8.4,73.52941176470588,Nitesh Tiwari,156479,12.391761,2010s
U,117,Animation,8.4,87.0,Bob Persichetti,375110,190.24131,2010s
UA,181,Action,8.4,78.0,Anthony Russo,809955,858.373,2010s
UA,149,Action,8.4,68.0,Anthony Russo,834477,678.815482,2010s
U,105,Animation,8.4,81.0,Lee Unkrich,384171,209.726015,2010s
A,165,Drama,8.4,81.0,Quentin Tarantino,1357682,162.805434,2010s
UA,164,Action,8.4,78.0,Christopher Nolan,1516346,448.139099,2010s
UA,170,Comedy,8.4,67.0,Rajkumar Hirani,344445,6.532908,2000s
U,165,Drama,8.4,79.15668202764977,Aamir Khan,168895,1.223869,2000s
U,98,Animation,8.4,95.0,Andrew Stanton,999790,223.808164,2000s
A,137,Drama,8.4,89.0,Florian Henckel von Donnersmarck,358685,11.286112,2000s
A,101,Action,8.4,77.0,Chan-wook Park,515451,0.707481,2000s
UA,113,Mystery,8.4,80.0,Christopher Nolan,1125712,25.544867,2000s
U,134,Animation,8.4,76.0,Hayao Miyazaki,343171,2.375308,1990s
A,229,Crime,8.4,75.98717948717949,Sergio Leone,311365,5.321508,1980s
A,115,Action,8.4,85.0,Steven Spielberg,884112,248.159971,1980s
A,146,Drama,8.4,66.0,Stanley Kubrick,898237,44.017374,1980s
R,147,Drama,8.4,94.0,Francis Ford Coppola,606398,83.471511,1970s
R,117,Horror,8.4,89.0,Ridley Scott,787806,78.9,1970s
U,122,Drama,8.4,79.15668202764977,Hrishikesh Mukherjee,30273,36.776563333333335,1970s
A,95,Comedy,8.4,97.0,Stanley Kubrick,450474,0.275902,1960s
U,116,Crime,8.4,75.98717948717949,Billy Wilder,108862,8.175,1950s
U,112,Mystery,8.4,100.0,Alfred Hitchcock,444074,36.764313,1950s
Passed,110,Drama,8.4,79.15668202764977,Billy Wilder,201632,0.010177,1940s
Passed,125,Comedy,8.4,78.08849557522124,Charles Chaplin,203150,0.288475,1930s
R,119,Drama,8.3,78.0,Sam Mendes,425844,159.227644,2010s
A,104,Drama,8.3,79.15668202764977,Rahi Anil Barve,27793,80.99030633333334,2010s
UA,139,Crime,8.3,75.98717948717949,Sriram Raghavan,71875,1.373943,2010s
U,160,Crime,8.3,75.98717948717949,Jeethu Joseph,30722,20.722368,2010s
R,115,Drama,8.3,77.0,Thomas Vinterberg,281623,0.687185,2010s
PG-13,123,Drama,8.3,95.0,Asghar Farhadi,220002,7.098492,2010s
R,131,Drama,8.3,80.0,Denis Villeneuve,150023,6.857096,2010s
TV-14,132,Drama,8.3,79.15668202764977,Mehmet Ada Öztekin,33935,69.1638115,2010s
A,153,Adventure,8.3,69.0,Quentin Tarantino,1267869,120.540719,2000s
UA,108,Drama,8.3,89.0,Michel Gondry,911664,34.400301,2000s
U,122,Comedy,8.3,69.0,Jean-Pierre Jeunet,703810,33.225499,2000s
UA,104,Comedy,8.3,55.0,Guy Ritchie,782001,30.328156,2000s
A,102,Drama,8.3,68.0,Darren Aronofsky,766870,3.635482,2000s
UA,122,Drama,8.3,84.0,Sam Mendes,1069738,130.096601,1990s
U,126,Drama,8.3,70.0,Gus Van Sant,861606,138.433435,1990s
PG,89,Drama,8.3,77.0,Majid Majidi,65341,0.933933,1990s
U,81,Animation,8.3,95.0,John Lasseter,887429,191.796233,1990s
A,178,Biography,8.3,68.0,Mel Gibson,959181,75.6,1990s
R,99,Crime,8.3,79.0,Quentin Tarantino,918562,2.832029,1990s
UA,116,Drama,8.3,76.0,Stanley Kubrick,675146,46.357676,1980s
A,142,Drama,8.3,79.15668202764977,Elem Klimov,59056,54.198499,1980s
U,137,Action,8.3,84.0,James Cameron,652719,85.160248,1980s
R,160,Biography,8.3,88.0,Milos Forman,369007,51.973029,1980s
A,170,Crime,8.3,65.0,Brian De Palma,740911,45.598982,1980s
U,131,Action,8.3,58.0,Richard Marquand,950470,309.125409,1980s
R,149,Adventure,8.3,86.0,Wolfgang Petersen,231855,11.487676,1980s
A,114,Crime,8.3,94.0,Martin Scorsese,724636,28.262574,1970s
U,129,Comedy,8.3,83.0,George Roy Hill,241513,159.6,1970s
A,136,Crime,8.3,77.0,Stanley Kubrick,757904,6.207725,1970s
U,149,Adventure,8.3,84.0,Stanley Kubrick,603517,56.954992,1960s
U,132,Western,8.3,74.0,Sergio Leone,232772,15.0,1960s
U,228,Adventure,8.3,100.0,David Lean,268085,44.824144,1960s
U,125,Comedy,8.3,94.0,Billy Wilder,164363,18.6,1950s
U,136,Adventure,8.3,98.0,Alfred Hitchcock,299198,13.275,1950s
A,128,Mystery,8.3,100.0,Alfred Hitchcock,364368,3.2,1950s
G,103,Comedy,8.3,99.0,Stanley Donen,218957,8.819028,1950s
Passed,107,Crime,8.3,95.0,Billy Wilder,143525,5.72,1940s
UA,119,Drama,8.3,100.0,Orson Welles,403351,1.585634,1940s
Passed,117,Crime,8.3,75.98717948717949,Fritz Lang,143434,0.028877,1930s
Passed,68,Comedy,8.3,78.08849557522124,Charles Chaplin,113314,5.45,1920s
UA,143,Comedy,8.2,78.08849557522124,Nitesh Tiwari,33893,0.898575,2010s
UA,138,Action,8.2,73.52941176470588,Aditya Dhar,43444,4.186168,2010s
UA,156,Action,8.2,73.52941176470588,Prashanth Neel,36680,306.93812225,2010s
UA,130,Biography,8.2,69.0,Peter Farrelly,377884,85.080171,2010s
A,115,Comedy,8.2,88.0,Martin McDonagh,432610,54.51374,2010s
UA,132,Crime,8.2,75.98717948717949,Meghna Gulzar,31142,0.34237,2010s
UA,167,Action,8.2,73.52941176470588,S.S. Rajamouli,75348,20.186659,2010s
PG,96,Animation,8.2,65.0,Sergio Pablos,104761,434.038008,2010s
UA,163,Crime,8.2,75.98717948717949,Nishikant Kamat,70367,0.739478,2010s
UA,146,Adventure,8.2,78.46031746031746,Vikas Bahl,60701,1.429534,2010s
U,186,Biography,8.2,76.24050632911393,Rakeysh Omprakash Mehra,61137,1.626289,2010s
A,321,Action,8.2,89.0,Anurag Kashyap,82365,283.3643722,2010s
UA,134,Drama,8.2,79.15668202764977,Vikramaditya Motwane,42341,0.007461,2010s
UA,135,Action,8.2,73.52941176470588,Tigmanshu Dhulia,33237,0.039567,2010s
R,129,Drama,8.2,80.0,Juan José Campanella,193217,6.391436,2000s
UA,140,Action,8.2,71.0,Gavin O'Connor,435950,13.657115,2010s
A,138,Mystery,8.2,63.0,Martin Scorsese,1129894,128.012934,2010s
U,96,Animation,8.2,88.0,Pete Docter,935507,293.004164,2000s
A,180,Biography,8.2,75.0,Martin Scorsese,1187498,116.900694,2010s
U,153,Drama,8.2,68.0,Shimit Amin,74129,1.113541,2000s
A,158,Drama,8.2,93.0,Paul Thomas Anderson,517359,40.222514,2000s
UA,118,Drama,8.2,98.0,Guillermo del Toro,618623,37.634615,2000s
U,103,Animation,8.2,92.0,Lee Unkrich,757032,415.00488,2010s
A,132,Action,8.2,62.0,James McTeigue,1032749,70.511035,2000s
UA,167,Comedy,8.2,78.08849557522124,Rakeysh Omprakash Mehra,111937,2.197331,2000s
U,122,Drama,8.2,79.15668202764977,Sanjay Leela Bhansali,33354,0.733094,2000s
UA,140,Action,8.2,70.0,Christopher Nolan,1308302,206.852432,2000s
U,210,Drama,8.2,79.15668202764977,Ashutosh Gowariker,83005,1.22324,2000s
R,156,Biography,8.2,82.0,Oliver Hirschbiegel,331308,5.50904,2000s
U,119,Animation,8.2,80.0,Hayao Miyazaki,333915,4.711096,2000s
UA,135,Biography,8.2,72.0,Ron Howard,848920,170.742341,2000s
U,156,Action,8.2,73.52941176470588,Priyadarshan,57057,157.8921495,2000s
A,107,Action,8.2,66.0,Guy Ritchie,535216,3.897569,1990s
A,138,Crime,8.2,90.0,Curtis Hanson,531967,64.61694,1990s
A,170,Crime,8.2,76.0,Michael Mann,577113,67.436818,1990s
A,178,Crime,8.2,73.0,Martin Scorsese,466276,42.4383,1990s
U,160,Action,8.2,73.52941176470588,Rajkumar Santoshi,49300,19.501238,1990s
A,130,Drama,8.2,85.0,Clint Eastwood,375935,101.157447,1990s
U,127,Action,8.2,65.0,Steven Spielberg,692366,197.171806,1980s
R,142,Comedy,8.2,78.08849557522124,Emir Kusturica,26402,0.280015,1980s
U,86,Animation,8.2,86.0,Hayao Miyazaki,291180,1.105564,1980s
A,132,Action,8.2,72.0,John McTiernan,793164,83.008852,1980s
U,162,Action,8.2,96.0,Akira Kurosawa,112505,4.13575,1980s
A,129,Biography,8.2,89.0,Martin Scorsese,321860,23.383987,1980s
U,162,Drama,8.2,79.15668202764977,Andrei Tarkovsky,116945,0.234723,1970s
U,99,Drama,8.2,79.15668202764977,Ingmar Bergman,26875,48.979328,1970s
PG,177,Biography,8.2,76.24050632911393,Moustapha Akkad,43885,70.6,1970s
PG,91,Adventure,8.2,91.0,Terry Gilliam,500875,1.229197,1970s
U,172,Adventure,8.2,86.0,John Sturges,224730,12.1,1960s
A,179,Drama,8.2,60.0,Stanley Kramer,69458,8.284,1960s
U,121,Comedy,8.2,98.0,Billy Wilder,243943,25.0,1950s
A,105,Crime,8.2,75.0,Alfred Hitchcock,158335,0.012562,1950s
U,136,Drama,8.2,79.15668202764977,Yasujirô Ozu,53153,30.5,1950s
Passed,138,Drama,8.2,98.0,Joseph L. Mankiewicz,120539,0.010177,1940s
Passed,126,Adventure,8.2,98.0,John Huston,114304,5.014,1940s
Passed,95,Adventure,8.2,78.46031746031746,Charles Chaplin,101053,5.45,1920s
Passed,45,Action,8.2,73.52941176470588,Buster Keaton,41985,0.977375,1920s
R,122,Drama,8.1,95.0,Céline Sciamma,63134,3.759854,2010s
UA,136,Drama,8.1,79.15668202764977,Aniruddha Roy Chowdhury,39216,1.241223,2010s
16,130,Animation,8.1,78.0,Naoko Yamada,47708,160.76640650000002,2010s
A,145,Drama,8.1,84.0,Chan-wook Park,113649,2.006788,2010s
R,139,Drama,8.1,74.0,Xavier Dolan,50700,3.492754,2010s
UA,160,Action,8.1,73.52941176470588,Vishal Bhardwaj,50445,0.90161,2010s
A,137,Action,8.1,77.0,James Mangold,647884,226.277068,2010s
R,118,Drama,8.1,86.0,Lenny Abrahamson,371538,14.677674,2010s
R,122,Comedy,8.1,77.0,Damián Szifron,177059,3.107072,2010s
UA,153,Comedy,8.1,78.08849557522124,Rajkumar Hirani,163061,10.616104,2010s
U,125,Comedy,8.1,78.08849557522124,Umesh Shukla,51739,0.923221,2010s
UA,99,Adventure,8.1,88.0,Wes Anderson,707630,59.100318,2010s
A,149,Drama,8.1,79.0,David Fincher,859695,167.767189,2010s
U,117,Animation,8.1,71.0,Mamoru Hosoda,38803,189.422889,2010s
A,139,Biography,8.1,71.0,Mel Gibson,435928,67.209615,2010s
U,95,Animation,8.1,94.0,Pete Docter,616228,356.461711,2010s
U,151,Comedy,8.1,78.08849557522124,Anurag Basu,75721,2.804874,2010s
A,134,Biography,8.1,96.0,Steve McQueen,640533,56.671993,2010s
UA,123,Action,8.1,74.0,Ron Howard,432811,26.947624,2010s
UA,152,Action,8.1,81.0,James Mangold,291289,117.624028,2010s
A,129,Biography,8.1,93.0,Tom McCarthy,420316,45.055776,2010s
PG,93,Animation,8.1,85.0,Tomm Moore,51679,0.857524,2010s
UA,122,Mystery,8.1,76.42857142857143,Sujoy Ghosh,57806,1.035953,2010s
U,155,Comedy,8.1,78.08849557522124,Zoya Akhtar,67927,3.108485,2010s
A,153,Crime,8.1,70.0,Denis Villeneuve,601149,61.002302,2010s
UA,120,Action,8.1,90.0,George Miller,882316,154.05834,2010s
UA,104,Action,8.1,73.52941176470588,Neeraj Pandey,73891,332.757178,2000s
R,116,Drama,8.1,72.0,Clint Eastwood,720450,148.095302,2000s
UA,130,Adventure,8.1,85.0,David Yates,764493,381.011219,2010s
PG-13,130,Drama,8.1,68.0,Yôjirô Takita,48582,1.49821,2000s
G,93,Biography,8.1,76.24050632911393,Lasse Hallström,253575,255.959475,2000s
U,98,Animation,8.1,75.0,Dean DeBlois,666773,217.581231,2010s
R,148,Adventure,8.1,73.0,Sean Penn,572921,18.354356,2000s
R,122,Crime,8.1,91.0,Ethan Coen,856916,74.283625,2000s
U,144,Comedy,8.1,78.08849557522124,Rajkumar Hirani,43137,2.217561,2000s
UA,132,Drama,8.1,86.0,Clint Eastwood,635975,100.492203,2000s
PG-13,121,Biography,8.1,79.0,Terry George,334320,23.530892,2000s
R,140,Action,8.1,64.0,Je-kyu Kang,37820,1.111061,2000s
R,80,Drama,8.1,90.0,Richard Linklater,236311,5.820649,2000s
U,156,Comedy,8.1,78.08849557522124,Rajkumar Hirani,73992,11.3450228,2000s
UA,131,Crime,8.1,82.0,Bong Joon Ho,139558,0.014131,2000s
Unrated,183,Comedy,8.1,78.08849557522124,Farhan Akhtar,66803,0.3,2000s
R,111,Action,8.1,69.0,Quentin Tarantino,1000639,70.099045,2000s
U,100,Animation,8.1,90.0,Andrew Stanton,949565,380.843261,2000s
A,141,Biography,8.1,75.0,Steven Spielberg,832846,164.615351,2000s
A,154,Drama,8.1,83.0,Alejandro G. Iñárritu,223741,5.383834,2000s
U,92,Animation,8.1,79.0,Pete Docter,815505,289.916256,2000s
UA,87,Animation,8.1,81.0945945945946,Hideaki Anno,38847,1.5759865,1990s
U,224,Adventure,8.1,84.0,Ashutosh Gowariker,105036,0.070147,2000s
A,107,Drama,8.1,64.0,M. Night Shyamalan,911573,293.506292,1990s
U,169,Drama,8.1,58.0,Giuseppe Tornatore,59020,0.259127,1990s
U,103,Comedy,8.1,90.0,Peter Weir,939631,125.618201,1990s
R,127,Comedy,8.1,73.0,Emir Kusturica,50862,0.34866,1990s
R,117,Comedy,8.1,71.0,Joel Coen,732620,17.498804,1990s
U,98,Drama,8.1,85.0,Kar-Wai Wong,124383,2.734044,2000s
A,93,Drama,8.1,83.0,Danny Boyle,634716,16.501785,1990s
A,98,Crime,8.1,85.0,Joel Coen,617444,24.611975,1990s
UA,98,Crime,8.1,75.98717948717949,Mathieu Kassovitz,150345,0.309811,1990s
U,189,Drama,8.1,79.15668202764977,Aditya Chopra,63516,32.563526249999995,1990s
R,101,Drama,8.1,77.0,Richard Linklater,272291,5.535405,1990s
U,99,Drama,8.1,100.0,Krzysztof Kieslowski,90729,4.043686,1990s
U,102,Comedy,8.1,77.0,Kar-Wai Wong,63122,0.6002,1990s
UA,127,Action,8.1,68.0,Steven Spielberg,867615,402.453882,1990s
UA,133,Biography,8.1,84.0,Jim Sheridan,156842,25.01041,1990s
R,171,Drama,8.1,79.15668202764977,Kaige Chen,25088,5.216888,1990s
PG,125,Drama,8.1,79.15668202764977,Yimou Zhang,29662,2.603061,1990s
U,128,Comedy,8.1,79.0,Peter Weir,425457,95.860116,1980s
U,89,Adventure,8.1,75.0,Rob Reiner,363401,52.287414,1980s
A,120,Drama,8.1,92.0,Oliver Stone,381222,138.530565,1980s
U,145,Drama,8.1,78.0,Wim Wenders,91188,2.181987,1980s
U,117,Animation,8.1,86.0,Hayao Miyazaki,150924,0.49577,1980s
A,109,Horror,8.1,57.0,John Carpenter,371271,13.782838,1980s
UA,95,Drama,8.1,47.0,Alan Parker,76081,22.244207,1980s
A,188,Drama,8.1,100.0,Ingmar Bergman,57784,4.97134,1980s
UA,117,Action,8.1,84.0,Ridley Scott,693827,32.868943,1980s
UA,124,Biography,8.1,78.0,David Lynch,220078,23.383987,1980s
R,94,Comedy,8.1,77.0,Terry Jones,367250,20.045115,1970s
A,183,Drama,8.1,86.0,Michael Cimino,311361,48.979328,1970s
U,120,Drama,8.1,70.0,John G. Avildsen,518546,117.235247,1970s
UA,121,Drama,8.1,83.0,Sidney Lumet,144911,59.57999,1970s
PG,185,Adventure,8.1,89.0,Stanley Kubrick,149843,130.6145985,1970s
G,107,Biography,8.1,76.24050632911393,Andrei Tarkovsky,40081,0.177345,1970s
UA,130,Drama,8.1,92.0,Roman Polanski,294230,29.0,1970s
U,102,Comedy,8.1,77.0,Peter Bogdanovich,42285,30.933743,1970s
A,91,Drama,8.1,79.15668202764977,Ingmar Bergman,30206,1.742348,1970s
PG,167,Drama,8.1,90.0,Andrei Tarkovsky,81021,22.253674,1970s
GP,105,Crime,8.1,75.98717948717949,Jean-Pierre Melville,45434,0.039481,1960s
A,127,Crime,8.1,92.0,Stuart Rosenberg,161984,16.217773,1960s
R,205,Biography,8.1,76.24050632911393,Andrei Tarkovsky,46947,0.102021,1960s
Passed,134,Drama,8.1,75.0,Robert Aldrich,50058,4.05,1960s
U,96,Action,8.1,73.52941176470588,Akira Kurosawa,33044,39.1,1960s
A,89,Drama,8.1,79.15668202764977,Ingmar Bergman,26697,1.526,1950s
U,212,Adventure,8.1,90.0,William Wyler,219466,74.7,1950s
PG,161,Adventure,8.1,87.0,David Lean,203463,44.908,1950s
A,108,Crime,8.1,91.0,Elia Kazan,142107,9.6,1950s
Approved,111,Drama,8.1,72.0,Billy Wilder,31568,3.969893,1950s
Approved,104,Film-Noir,8.1,97.0,Carol Reed,158731,0.449191,1940s
Approved,130,Drama,8.1,86.0,Alfred Hitchcock,123942,4.36,1930s
Passed,129,Comedy,8.1,73.0,Frank Capra,107017,9.6,1930s
U,238,Drama,8.1,97.0,Victor Fleming,290074,198.676459,1930s
Approved,105,Comedy,8.1,87.0,Frank Capra,94016,4.36,1930s
Passed,110,Biography,8.1,76.24050632911393,Carl Theodor Dreyer,47676,0.021877,1920s
Passed,94,Drama,8.1,79.15668202764977,F.W. Murnau,46865,0.53954,1920s
Passed,67,Action,8.1,73.52941176470588,Clyde Bruckman,81156,1.033895,1920s
U,113,Adventure,8.0,69.0,Ericson Core,37556,13.122642,2010s
UA,130,Drama,8.0,79.15668202764977,Raja Menon,52897,25.69158416666667,2010s
UA,163,Action,8.0,73.52941176470588,Kabir Khan,72245,8.178001,2010s
UA,159,Action,8.0,73.52941176470588,Neeraj Pandey,52848,222.6939588333333,2010s
A,128,Comedy,8.0,94.0,Damien Chazelle,505918,151.101803,2010s
U,118,Biography,8.0,69.0,Garth Davis,213970,51.739495,2010s
UA,144,Adventure,8.0,80.0,Ridley Scott,760094,228.433663,2010s
U,108,Animation,8.0,78.0,Byron Howard,434143,341.268248,2010s
UA,159,Action,8.0,73.52941176470588,S.S. Rajamouli,102972,6.738,2010s
U,137,Animation,8.0,89.0,Isao Takahata,38746,1.506975,2010s
U,113,Drama,8.0,66.0,Stephen Chbosky,141923,132.422809,2010s
UA,154,Drama,8.0,65.0,Zoya Akhtar,31886,5.566534,2010s
UA,144,Crime,8.0,75.98717948717949,Neeraj Pandey,51069,1.079369,2010s
R,96,Drama,8.0,82.0,Destin Daniel Cretton,81770,1.010414,2010s
A,150,Action,8.0,71.0,Gareth Evans,114316,2.625803,2010s
UA,114,Biography,8.0,73.0,Morten Tyldum,685201,91.125683,2010s
UA,121,Action,8.0,76.0,James Gunn,1043455,333.1766,2010s
UA,164,Action,8.0,81.0,Denis Villeneuve,461823,92.054159,2010s
A,126,Drama,8.0,90.0,Spike Jonze,540772,25.568251,2010s
UA,134,Biography,8.0,49.0,Bryan Singer,450349,216.428042,2010s
A,156,Action,8.0,76.0,Alejandro G. Iñárritu,705589,183.637894,2010s
UA,103,Drama,8.0,67.0,Stephen Chbosky,462252,17.73857,2010s
U,118,Biography,8.0,88.0,Tom Hooper,639603,138.797449,2010s
UA,146,Drama,8.0,62.0,Tate Taylor,428521,169.708112,2010s
R,108,Action,8.0,65.0,Tim Miller,902669,363.070709,2010s
TV-PG,119,Drama,8.0,87.0,Asghar Farhadi,45803,0.106662,2000s
A,144,Drama,8.0,79.15668202764977,Anurag Kashyap,28749,0.01095,2000s
R,106,Action,8.0,59.0,Wilson Yip,211427,332.757178,2000s
UA,165,Drama,8.0,50.0,Karan Johar,98575,4.018695,2010s
UA,120,Drama,8.0,84.0,Danny Boyle,798882,141.319928,2000s
A,108,Drama,8.0,79.0,Darren Aronofsky,699673,106.954678,2010s
R,115,Action,8.0,33.0,José Padilha,98097,0.00806,2000s
UA,143,Action,8.0,69.0,Joss Whedon,1260806,623.279547,2010s
PG-13,96,Animation,8.0,90.0,Vincent Paronnaud,88656,4.445756,2000s
R,117,Biography,8.0,80.0,Jean-Marc Vallée,441614,27.298285,2010s
U,117,Biography,8.0,64.0,Gabriele Muccino,448930,163.566459,2000s
A,143,Adventure,8.0,64.0,Edward Zwick,499439,57.366262,2000s
UA,115,Action,8.0,85.0,Paul Greengrass,604694,227.47107,2000s
U,88,Crime,8.0,72.0,Ki-duk Kim,50610,0.238507,2000s
A,124,Crime,8.0,74.0,Frank Miller,738512,74.10382,2000s
PG-13,112,Biography,8.0,92.0,Julian Schnabel,103284,5.990075,2000s
U,111,Animation,8.0,96.0,Brad Bird,641645,206.445654,2000s
PG-13,144,Action,8.0,80.0,Martin Campbell,582239,167.44596,2000s
A,137,Action,8.0,83.0,Quentin Tarantino,683900,66.208183,2000s
R,103,Drama,8.0,85.0,Ki-duk Kim,77520,2.380788,2000s
U,126,Biography,8.0,74.0,Alejandro Amenábar,77554,2.086345,2010s
UA,144,Biography,8.0,69.0,Ron Howard,176151,61.649911,2000s
U,186,Comedy,8.0,54.0,Nikkhil Advani,63460,1.787378,2000s
UA,101,Action,8.0,75.0,Andrew Lau,117857,0.169659,2000s
UA,143,Action,8.0,63.0,Gore Verbinski,1015122,305.413918,2000s
U,125,Adventure,8.0,58.0,Tim Burton,415218,66.257002,2000s
U,115,Animation,8.0,90.0,Brad Bird,657047,261.441092,2000s
R,178,Crime,8.0,60.0,Lars von Trier,137963,1.530386,2000s
R,113,Drama,8.0,88.0,Richard Kelly,740086,1.480006,2000s
R,188,Drama,8.0,77.0,Paul Thomas Anderson,289742,22.455976,1990s
U,140,Crime,8.0,61.0,Lars von Trier,102285,4.184036,2000s
U,112,Biography,8.0,86.0,David Lynch,82002,6.203044,1990s
A,81,Animation,8.0,81.0945945945946,Satoshi Kon,58192,0.776665,1990s
R,105,Drama,8.0,82.0,Thomas Vinterberg,78341,1.64778,1990s
R,110,Drama,8.0,80.0,Walter Salles,36419,5.595428,1990s
PG,86,Animation,8.0,85.0,Brad Bird,172083,23.159305,1990s
R,135,Drama,8.0,84.0,Billy Bob Thornton,86838,24.475416,1990s
U,136,Comedy,8.0,91.0,Mike Leigh,37564,13.417292,1990s
A,129,Mystery,8.0,74.0,Terry Gilliam,578443,57.141459,1990s
UA,83,Animation,8.0,76.0,Mamoru Oshii,129231,0.515905,1990s
U,76,Animation,8.0,82.0,Henry Selick,300208,75.082668,1990s
U,101,Comedy,8.0,72.0,Harold Ramis,577991,70.906973,1990s
R,180,Crime,8.0,47.0,Taylor Hackford,28825,4.496583,1990s
UA,156,Drama,8.0,59.0,Martin Brest,263918,63.895607,1990s
U,90,Animation,8.0,86.0,Ron Clements,373845,217.350219,1990s
UA,189,Drama,8.0,72.0,Oliver Stone,142110,70.405498,1990s
G,84,Animation,8.0,95.0,Gary Trousdale,417178,218.96762,1990s
U,181,Adventure,8.0,72.0,Kevin Costner,240266,184.208848,1990s
R,120,Comedy,8.0,93.0,Spike Lee,89429,27.545445,1980s
U,133,Drama,8.0,65.0,Barry Levinson,473064,178.8,1980s
UA,124,Animation,8.0,81.0945945945946,Katsuhiro Ôtomo,164918,0.553171,1980s
U,98,Adventure,8.0,77.0,Rob Reiner,393899,30.857814,1980s
U,128,Drama,8.0,79.0,Wim Wenders,64722,3.333969,1980s
U,104,Drama,8.0,88.0,Louis Malle,31163,4.542825,1980s
UA,107,Action,8.0,84.0,James Cameron,799795,38.4,1980s
U,191,Biography,8.0,79.0,Richard Attenborough,217664,52.767889,1980s
U,180,Drama,8.0,84.0,Akira Kurosawa,32195,49.408687,1980s
PG,130,Comedy,8.0,83.0,Hal Ashby,65625,30.177511,1970s
A,93,Comedy,8.0,92.0,Woody Allen,251823,39.2,1970s
A,124,Adventure,8.0,87.0,Steven Spielberg,543388,260.0,1970s
U,125,Biography,8.0,86.0,Sidney Lumet,235652,50.0,1970s
A,106,Comedy,8.0,80.0,Mel Brooks,143359,86.3,1970s
R,151,Biography,8.0,58.0,Franklin J. Schaffner,121627,53.267,1970s
A,122,Horror,8.0,81.0,William Friedkin,362393,232.906145,1970s
PG,138,Mystery,8.0,76.42857142857143,Joseph L. Mankiewicz,44748,4.081254,1970s
R,118,Drama,8.0,93.0,Peter Bogdanovich,42456,29.133,1970s
G,181,Drama,8.0,67.0,Norman Jewison,39491,80.5,1970s
UA,113,Drama,8.0,100.0,Bernardo Bertolucci,27067,0.54194,1960s
PG,110,Biography,8.0,66.0,George Roy Hill,201888,102.308889,1960s
U,112,Adventure,8.0,79.0,Franklin J. Schaffner,165167,33.395426,1960s
A,106,Comedy,8.0,83.0,Mike Nichols,253676,104.945305,1960s
U,172,Biography,8.0,63.0,Robert Wise,205425,163.214286,1960s
A,197,Drama,8.0,69.0,David Lean,69903,111.722,1960s
A,99,Action,8.0,65.0,Sergio Leone,198219,14.5,1960s
A,134,Drama,8.0,90.0,Robert Rossen,75067,8.284,1960s
A,174,Comedy,8.0,95.0,Federico Fellini,66621,19.516,1950s
Passed,141,Action,8.0,93.0,Howard Hawks,56305,12.535,1950s
PG-13,95,Crime,8.0,99.0,Orson Welles,98431,2.237659,1950s
A,108,Drama,8.0,84.0,Richard Brooks,45062,17.570324,1950s
A,122,Drama,8.0,97.0,Elia Kazan,99182,8.0,1950s
U,86,Drama,8.0,92.0,David Lean,35601,9.46,1940s
Passed,88,Drama,8.0,79.15668202764977,Otto Preminger,42725,4.36,1940s
Approved,170,Drama,8.0,93.0,William Wyler,57259,23.65,1940s
Passed,129,Drama,8.0,96.0,John Ford,85559,0.055,1930s
U,102,Adventure,8.0,92.0,Victor Fleming,371379,2.07602,1930s
TV-PG,91,Comedy,8.0,86.0,W.S. Van Dyke,26642,4.36,1930s
U,152,Drama,8.0,91.0,Lewis Milestone,57318,3.27,1920s
UA,130,Comedy,7.9,82.0,Rian Johnson,454203,165.359751,2010s
A,121,Crime,7.9,93.0,Hirokazu Koreeda,62754,3.313513,2010s
U,137,Comedy,7.9,94.0,Noah Baumbach,246644,2.0,2010s
UA,132,Drama,7.9,93.0,Luca Guadagnino,212651,18.095701,2010s
UA,100,Drama,7.9,78.0,Ken Loach,53818,0.258168,2010s
U,101,Animation,7.9,82.0,Wes Anderson,139114,32.015231,2010s
UA,101,Adventure,7.9,81.0,Taika Waititi,111483,5.202582,2010s
R,118,Comedy,7.9,72.0,Matt Ross,189400,5.875006,2010s
PG-13,106,Comedy,7.9,79.0,John Carney,85109,3.237118,2010s
UA,130,Action,7.9,74.0,Taika Waititi,587775,315.058289,2010s
A,117,Crime,7.9,76.0,Dan Gilroy,466134,32.381218,2010s
UA,108,Comedy,7.9,58.0,Taika Waititi,297918,0.349555,2010s
UA,116,Drama,7.9,81.0,Denis Villeneuve,594181,100.546139,2010s
U,138,Action,7.9,80.0,J.J. Abrams,860823,936.662225,2010s
R,109,Drama,7.9,94.0,Richard Linklater,141457,8.114627,2010s
UA,132,Action,7.9,75.0,Bryan Singer,659763,233.921534,2010s
U,100,Comedy,7.9,89.0,Michel Hazanavicius,230624,44.671682,2010s
UA,113,Action,7.9,71.0,Doug Liman,600004,100.206256,2010s
UA,127,Drama,7.9,94.0,Michael Haneke,93090,6.739492,2010s
R,209,Biography,7.9,94.0,Martin Scorsese,324720,7.0,2010s
A,155,Crime,7.9,90.0,Jacques Audiard,93560,2.084637,2000s
R,97,Drama,7.9,67.0,Duncan Jones,335152,5.009677,2000s
R,114,Crime,7.9,82.0,Tomas Alfredson,205609,2.122065,2000s
A,112,Action,7.9,81.0,Neill Blomkamp,638202,115.646235,2000s
UA,109,Drama,7.9,80.0,Darren Aronofsky,289415,26.236603,2000s
U,138,Comedy,7.9,78.08849557522124,Imtiaz Ali,47720,0.4108,2000s
A,165,Drama,7.9,100.0,Richard Linklater,335533,25.379975,2010s
UA,127,Action,7.9,82.0,J.J. Abrams,577336,257.730019,2000s
R,107,Comedy,7.9,67.0,Martin McDonagh,390334,7.75713,2000s
UA,141,Action,7.9,89.0,Clint Eastwood,154011,13.756082,2000s
R,117,Adventure,7.9,64.0,Tarsem Singh,107290,2.280348,2000s
U,127,Adventure,7.9,79.0,Ang Lee,580708,124.987023,2010s
PG,87,Animation,7.9,83.0,Wes Anderson,199696,21.002919,2000s
PG-13,97,Drama,7.9,56.0,Christophe Barratier,57430,3.635164,2000s
UA,126,Action,7.9,79.0,Jon Favreau,939644,318.412101,2000s
UA,99,Comedy,7.9,76.0,Edgar Wright,512249,13.542874,2000s
R,121,Drama,7.9,78.0,Fatih Akin,51325,26.852862545454546,2000s
A,138,Crime,7.9,84.0,Clint Eastwood,419420,90.135191,2000s
U,142,Adventure,7.9,82.0,Alfonso Cuarón,552493,249.358727,2000s
PG-13,120,Action,7.9,85.0,Yimou Zhang,173999,53.710019,2000s
R,112,Drama,7.9,86.0,Pedro Almodóvar,104691,9.284265,2000s
R,98,Comedy,7.9,84.0,Danis Tanovic,44618,1.05983,2000s
U,115,Animation,7.9,61.0,Shin'ichirô Watanabe,42897,1.000045,2000s
UA,119,Action,7.9,68.0,Doug Liman,508771,121.661683,2000s
R,114,Crime,7.9,80.0,Fabián Bielinsky,49721,1.221261,2000s
A,109,Adventure,7.9,84.0,Alfonso Cuarón,465113,35.552383,2000s
A,122,Adventure,7.9,90.0,Cameron Crowe,252586,32.53485,2000s
R,147,Drama,7.9,85.0,David Lynch,322031,7.220243,2000s
U,92,Animation,7.9,88.0,John Lasseter,527512,245.852179,1990s
R,155,Drama,7.9,85.0,Paul Thomas Anderson,239473,26.40064,1990s
U,111,Animation,7.9,75.0,Yoshifumi Kondô,51943,96.156069,1990s
A,102,Crime,7.9,77.0,Lee Tamahori,31590,2.201126,1990s
R,119,Crime,7.9,59.0,Tony Scott,206918,12.2815,1990s
U,94,Drama,7.9,85.0,Krzysztof Kieslowski,89836,1.324974,1990s
A,94,Animation,7.9,81.0945945945946,Yoshiaki Kawajiri,34529,40.3500295,1990s
A,144,Crime,7.9,65.0,Brian De Palma,201000,36.948322,1990s
U,105,Drama,7.9,74.0,Tim Burton,447368,56.362352,1990s
U,103,Biography,7.9,97.0,Jim Sheridan,68076,14.743391,1980s
PG-13,104,Comedy,7.9,77.0,Woody Allen,54670,18.254702,1980s
A,119,Crime,7.9,79.0,Brian De Palma,281842,76.270454,1980s
PG-13,107,Comedy,7.9,90.0,Woody Allen,67176,40.084041,1980s
U,132,Drama,7.9,84.0,Terry Gilliam,187567,9.929135,1980s
R,82,Comedy,7.9,92.0,Rob Reiner,128812,0.188751,1980s
U,93,Comedy,7.9,77.0,Bob Clark,132947,20.605209,1980s
U,133,Action,7.9,60.0,John Landis,183182,57.22989,1980s
R,96,Comedy,7.9,83.0,Woody Allen,131436,45.7,1970s
A,123,Drama,7.9,72.0,Bob Fosse,28223,37.823676,1970s
A,127,Action,7.9,71.0,George A. Romero,111512,5.1,1970s
U,138,Biography,7.9,84.0,Alan J. Pakula,103031,70.6,1970s
R,114,Adventure,7.9,76.0,Alejandro Jodorowsky,37183,0.061001,1970s
R,123,Comedy,7.9,78.08849557522124,Federico Fellini,39897,63.83091433333333,1970s
PG,102,Comedy,7.9,93.0,Luis Buñuel,38737,0.198809,1970s
U,172,Biography,7.9,91.0,Franklin J. Schaffner,93741,61.7,1960s
A,145,Action,7.9,97.0,Sam Peckinpah,77401,12.064472,1960s
PG,134,Biography,7.9,76.24050632911393,Anthony Harvey,29003,22.276975,1960s
U,110,Crime,7.9,75.0,Norman Jewison,67804,24.379978,1960s
U,113,Comedy,7.9,83.0,Stanley Donen,68689,13.474588,1960s
PG-13,126,Drama,7.9,94.0,John Frankenheimer,71122,4.05,1960s
A,197,Adventure,7.9,87.0,Stanley Kubrick,124339,30.0,1950s
U,144,Drama,7.9,79.15668202764977,Michelangelo Antonioni,26542,1.526,1950s
U,220,Adventure,7.9,78.46031746031746,Cecil B. DeMille,63560,93.74,1950s
Passed,119,Adventure,7.9,94.0,John Ford,80316,93.74,1950s
PG,85,Drama,7.9,89.0,Fred Zinnemann,97222,9.45,1950s
A,101,Crime,7.9,88.0,Alfred Hitchcock,123341,7.63,1950s
U,102,Drama,7.9,100.0,Alfred Hitchcock,92306,10.464,1940s
Passed,114,Crime,7.9,75.98717948717949,Howard Hawks,78796,6.54,1940s
Passed,101,Drama,7.9,79.15668202764977,Billy Wilder,33549,9.46,1940s
Passed,92,Comedy,7.9,78.08849557522124,Howard Hawks,53667,0.296,1930s
PG,102,Action,7.9,97.0,Michael Curtiz,47175,3.981,1930s
Passed,96,Comedy,7.9,78.08849557522124,Sam Wood,30580,2.53752,1930s
Passed,100,Adventure,7.9,90.0,Merian C. Cooper,78991,10.0,1930s
A,113,Action,7.8,51.0,Guy Ritchie,237392,487.998514,2010s
UA,138,Action,7.8,73.52941176470588,Meghna Gulzar,25344,306.93812225,2010s
R,120,Drama,7.8,81.0,Darius Marder,27187,69.1638115,2010s
UA,124,Drama,7.8,85.0,Asghar Farhadi,51240,2.402067,2010s
UA,106,Action,7.8,94.0,Christopher Nolan,555092,188.373161,2010s
UA,127,Biography,7.8,74.0,Theodore Melfi,200876,169.607287,2010s
U,103,Adventure,7.8,88.0,Paul King,61594,40.442052,2010s
A,148,Action,7.8,73.52941176470588,Abhishek Chaubey,27175,268.5173186,2010s
PG,101,Animation,7.8,84.0,Travis Knight,118035,48.023088,2010s
U,184,Biography,7.8,76.24050632911393,Neeraj Pandey,40416,1.782795,2010s
UA,137,Drama,7.8,96.0,Kenneth Lonergan,246963,47.69512,2010s
R,100,Drama,7.8,75.0,Martin Zandvliet,35539,0.435266,2010s
UA,133,Action,7.8,65.0,Gareth Edwards,556608,532.177324,2010s
UA,147,Action,7.8,75.0,Anthony Russo,663649,408.084349,2010s
A,168,Crime,7.8,68.0,Quentin Tarantino,517059,54.117416,2010s
U,135,Drama,7.8,91.0,Greta Gerwig,143250,108.101214,2010s
UA,94,Animation,7.8,62.0,Dorota Kobiela,50778,6.735118,2010s
R,119,Biography,7.8,79.0,Matthew Warchus,51841,43.03518833333334,2010s
PG-13,130,Drama,7.8,85.0,Asghar Farhadi,45002,1.330596,2010s
U,104,Drama,7.8,76.0,Ritesh Batra,50523,4.2315,2010s
UA,126,Comedy,7.8,78.08849557522124,Shoojit Sircar,39710,0.169209,2010s
U,102,Animation,7.8,74.0,Don Hall,410983,222.527828,2010s
R,123,Comedy,7.8,55.0,Richard Curtis,303032,15.322921,2010s
U,134,Comedy,7.8,78.08849557522124,Gauri Shinde,33618,1.670773,2010s
PG-13,126,Animation,7.8,83.0,Hayao Miyazaki,73690,5.20958,2010s
U,100,Animation,7.8,84.0,Josh Cooley,203177,434.038008,2010s
R,131,Crime,7.8,49.0,Giuseppe Tornatore,108399,0.085433,2010s
A,94,Comedy,7.8,84.0,Wes Anderson,318789,45.512466,2010s
U,102,Animation,7.8,76.0,Dean DeBlois,305611,177.002924,2010s
A,130,Biography,7.8,81.0,Adam McKay,362942,70.25987,2010s
R,158,Crime,7.8,71.0,David Fincher,423010,102.515793,2010s
UA,134,Adventure,7.8,82.0,Paul Greengrass,421244,107.100855,2010s
R,119,Action,7.8,73.52941176470588,Jeong-beom Lee,62848,0.00646,2010s
R,147,Biography,7.8,72.0,F. Gary Gray,179264,161.197785,2010s
R,129,Crime,7.8,79.0,Bong Joon Ho,52758,0.547292,2000s
UA,161,Adventure,7.8,66.0,Peter Jackson,601408,258.366855,2010s
UA,144,Drama,7.8,82.0,Michael Haneke,68715,2.222647,2000s
R,152,Crime,7.8,76.0,Niels Arden Oplev,208994,10.09517,2000s
UA,116,Biography,7.8,79.0,David O. Russell,340584,93.617009,2010s
A,90,Action,7.8,51.0,Pierre Morel,564791,145.000989,2000s
PG-13,94,Drama,7.8,55.0,Mark Herman,190748,9.030581,2000s
R,86,Drama,7.8,88.0,John Carney,110656,9.439923,2000s
UA,169,Adventure,7.8,58.0,Peter Jackson,757377,303.003568,2010s
R,123,Drama,7.8,85.0,Joe Wright,251370,50.927067,2000s
A,100,Crime,7.8,78.0,Nicolas Winding Refn,571571,35.061555,2010s
A,157,Biography,7.8,76.0,Ridley Scott,392449,130.164645,2000s
UA,162,Action,7.8,83.0,James Cameron,1118998,760.507625,2000s
R,141,Drama,7.8,63.0,Jaco Van Dormael,216421,0.0036,2000s
A,139,Action,7.8,68.0,Mel Gibson,291018,50.866635,2000s
UA,101,Comedy,7.8,80.0,Jonathan Dayton,439856,59.891098,2000s
UA,121,Action,7.8,81.0,Edgar Wright,463466,23.637265,2000s
UA,166,Drama,7.8,70.0,David Fincher,589160,127.509326,2000s
U,192,Drama,7.8,67.0,Yash Chopra,49050,2.921738,2000s
R,94,Comedy,7.8,51.0,Anders Thomas Jensen,45717,0.001305,2000s
PG,129,Drama,7.8,82.0,Joe Wright,258924,38.405088,2000s
U,127,Biography,7.8,68.0,Roger Donaldson,51980,5.128124,2000s
UA,90,Animation,7.8,73.0,Satoshi Kon,31658,0.128985,2000s
PG-13,119,Action,7.8,74.0,Joss Whedon,283310,25.514517,2000s
PG-13,136,Biography,7.8,72.0,James Mangold,234207,119.519402,2000s
A,123,Drama,7.8,53.0,Nick Cassavetes,520284,81.001787,2000s
U,126,Adventure,7.8,75.0,Walter Salles,96703,16.756372,2000s
R,109,Crime,7.8,82.0,Lukas Moodysson,42673,0.181655,2000s
PG-13,80,Animation,7.8,91.0,Sylvain Chomet,50622,7.002255,2000s
PG-13,131,Action,7.8,61.0,Kevin Reynolds,129022,54.234062,2000s
R,99,Animation,7.8,83.0,Richard Linklater,60684,2.892011,2000s
U,113,Biography,7.8,48.0,Boaz Yakin,198089,115.654751,2000s
UA,120,Action,7.8,94.0,Ang Lee,253228,128.078872,2000s
R,101,Drama,7.8,87.0,Pedro Almodóvar,89058,8.26453,1990s
UA,143,Adventure,7.8,73.0,Robert Zemeckis,524235,233.632142,2000s
R,108,Action,7.8,44.0,Troy Duffy,227143,0.025812,1990s
UA,157,Biography,7.8,84.0,Michael Mann,159886,28.965197,1990s
PG,108,Biography,7.8,71.0,Joe Johnston,82855,32.481825,1990s
U,90,Animation,7.8,84.0,Andrew Adamson,613941,267.665011,2000s
UA,194,Drama,7.8,75.0,James Cameron,1046089,659.325379,1990s
UA,106,Drama,7.8,64.0,Andrew Niccol,280845,12.339633,1990s
UA,129,Action,7.8,61.0,David Fincher,345096,48.323648,1990s
R,159,Drama,7.8,76.0,Lars von Trier,62428,4.040691,1990s
U,127,Biography,7.8,70.0,Tim Burton,164937,5.887457,1990s
U,118,Drama,7.8,73.0,Lasse Hallström,215034,9.170214,1990s
R,130,Action,7.8,50.0,George P. Cosmatos,126871,56.505065,1990s
U,101,Comedy,7.8,55.0,David Mickey Evans,78963,32.416586,1990s
U,134,Drama,7.8,84.0,James Ivory,66065,22.954968,1990s
U,130,Action,7.8,87.0,Andrew Davis,267684,183.87576,1990s
R,121,Crime,7.8,80.0,Robert De Niro,128171,17.266971,1990s
PG,76,Animation,7.8,81.0945945945946,Kevin Altieri,43690,5.617391,1990s
R,128,Action,7.8,73.52941176470588,John Woo,46700,75.505856,1990s
R,129,Comedy,7.8,68.0,Jim Jarmusch,55362,2.01581,1990s
R,98,Drama,7.8,86.0,Krzysztof Kieslowski,42376,1.999955,1990s
A,112,Crime,7.8,76.0,John Singleton,126082,57.504069,1990s
R,107,Drama,7.8,75.0,Rob Reiner,184740,61.276872,1990s
U,121,Biography,7.8,74.0,Penny Marshall,125276,52.096475,1990s
U,103,Animation,7.8,83.0,Hayao Miyazaki,124193,111.543479,1980s
R,122,Biography,7.8,78.0,Edward Zwick,122779,26.83,1980s
R,111,Action,7.8,82.0,John Woo,45624,197.171806,1980s
U,108,Adventure,7.8,57.0,Robert Zemeckis,481918,118.5,1980s
A,128,Crime,7.8,65.0,Alan Parker,88214,34.603943,1980s
A,107,Action,7.8,45.0,John McTiernan,371387,59.735548,1980s
A,84,Action,7.8,72.0,Sam Raimi,148359,5.923044,1980s
U,103,Comedy,7.8,61.0,John Hughes,321382,70.136369,1980s
R,107,Comedy,7.8,75.0,Jim Jarmusch,47834,1.436,1980s
U,114,Adventure,7.8,62.0,Richard Donner,244430,61.503218,1980s
U,154,Drama,7.8,78.0,Steven Spielberg,78321,98.467863,1980s
UA,97,Comedy,7.8,66.0,John Hughes,357026,45.875171,1980s
UA,141,Biography,7.8,76.0,Roland Joffé,51585,34.700291,1980s
UA,105,Action,7.8,71.0,Ivan Reitman,355413,238.632124,1980s
PG,193,Adventure,7.8,91.0,Philip Kaufman,56235,21.5,1980s
U,109,Comedy,7.8,73.0,Martin Scorsese,88511,2.5,1980s
U,115,Family,7.8,91.0,Steven Spielberg,372490,435.110554,1980s
A,105,Drama,7.8,77.0,Robert Benton,133351,106.26,1970s
PG,94,Drama,7.8,93.0,Terrence Malick,52852,48.979328,1970s
A,135,Western,7.8,69.0,Clint Eastwood,65659,31.8,1970s
PG,129,Adventure,7.8,91.0,John Huston,44917,130.6145985,1970s
U,113,Drama,7.8,85.0,Francis Ford Coppola,98611,4.42,1970s
U,72,Animation,7.8,73.0,René Laloux,25229,0.193817,1970s
A,143,Crime,7.8,80.0,Fred Zinnemann,37445,16.056255,1970s
PG,94,Action,7.8,93.0,Terrence Malick,66009,25.0,1970s
A,124,Drama,7.8,80.0,Bob Fosse,48334,42.765,1970s
U,100,Family,7.8,67.0,Mel Stuart,178731,4.0,1970s
A,113,Drama,7.8,79.0,John Schlesinger,101124,44.785053,1960s
U,170,Drama,7.8,95.0,George Cukor,86525,72.0,1960s
U,139,Comedy,7.8,88.0,Robert Stevenson,158029,102.272727,1960s
G,178,Action,7.8,75.0,Ken Annakin,52141,39.1,1960s
A,100,Horror,7.8,88.0,Jack Clayton,27007,2.616,1960s
U,90,Crime,7.8,75.98717948717949,Jean-Luc Godard,73251,0.336705,1950s
Passed,96,Adventure,7.8,93.0,John Ford,43621,2.07602,1930s
R,135,Drama,7.7,96.0,Alfonso Cuarón,140375,80.99030633333334,2010s
R,119,Action,7.7,66.0,David Leitch,478586,324.591735,2010s
R,107,Crime,7.7,73.0,Taylor Sheridan,205444,33.800859,2010s
R,104,Horror,7.7,85.0,Jordan Peele,492851,176.040665,2010s
UA,147,Action,7.7,86.0,Christopher McQuarrie,291257,220.159104,2010s
PG-13,116,Comedy,7.7,70.0,Hannes Holm,47444,3.358518,2010s
R,86,Comedy,7.7,76.0,Jemaine Clement,157498,3.333,2010s
U,103,Animation,7.7,72.0,James Simone,32798,0.765127,2010s
U,123,Biography,7.7,72.0,James Marsh,404182,35.893537,2010s
A,129,Action,7.7,60.0,Matthew Vaughn,590440,128.261724,2010s
UA,126,Drama,7.7,69.0,Josh Boone,344312,124.87235,2010s
PG-13,105,Comedy,7.7,74.0,Alfonso Gomez-Rejon,123210,6.743776,2010s
A,119,Comedy,7.7,87.0,Alejandro G. Iñárritu,580291,42.340598,2010s
A,180,Drama,7.7,89.0,Abdellatif Kechiche,138741,2.199675,2010s
U,130,Drama,7.7,40.0,Abhishek Kapoor,32628,1.122527,2010s
UA,136,Action,7.7,70.0,Anthony Russo,736182,259.766572,2010s
UA,159,Drama,7.7,79.15668202764977,Imtiaz Ali,39501,0.985912,2010s
UA,115,Adventure,7.7,87.0,Alexander Payne,112298,17.654912,2010s
U,101,Animation,7.7,72.0,Rich Moore,380195,189.422889,2010s
PG,108,Animation,7.7,70.0,Mark Osborne,56720,1.339152,2010s
PG-13,96,Comedy,7.7,81.0,Woody Allen,388089,56.816662,2010s
U,100,Animation,7.7,83.0,Christopher Miller,323982,257.760692,2010s
UA,91,Drama,7.7,96.0,Alfonso Cuarón,769145,274.092705,2010s
UA,132,Action,7.7,72.0,J.J. Abrams,463188,228.778661,2010s
UA,120,Biography,7.7,95.0,David Fincher,624982,96.962694,2010s
UA,131,Action,7.7,65.0,Matthew Vaughn,645512,146.408305,2010s
UA,100,Comedy,7.7,73.0,Todd Phillips,717559,277.322503,2000s
UA,143,Action,7.7,81.0,Sam Mendes,630614,304.360277,2010s
A,122,Comedy,7.7,81.0,David O. Russell,661871,132.092958,2010s
A,120,Biography,7.7,86.0,Ben Affleck,572581,136.025503,2010s
UA,95,Comedy,7.7,76.0,Marc Webb,472242,32.391374,2000s
A,146,Adventure,7.7,65.0,David Yates,479120,295.983305,2010s
U,101,Animation,7.7,86.0,Hayao Miyazaki,125317,15.0904,2000s
R,122,Biography,7.7,80.0,Ron Howard,103330,18.593156,2000s
U,90,Animation,7.7,81.0,Satoshi Kon,71379,0.881302,2000s
R,141,Biography,7.7,63.0,Clint Eastwood,239203,35.739802,2000s
PG,90,Comedy,7.7,45.0,Rob Reiner,81446,1.752214,2010s
U,98,Animation,7.7,81.0945945945946,Mamoru Hosoda,60368,0.881302,2000s
UA,108,Drama,7.7,78.0,Alex Garland,474141,25.442958,2010s
R,120,Drama,7.7,78.0,Susanne Bier,32001,0.412544,2000s
R,123,Biography,7.7,74.0,Kevin Macdonald,175355,17.605861,2000s
UA,157,Crime,7.7,78.0,David Fincher,466080,33.080084,2000s
R,110,Action,7.7,53.0,Paul McGuigan,299524,22.494487,2000s
PG-13,116,Drama,7.7,70.0,Christian Carion,28003,1.054361,2000s
R,122,Biography,7.7,78.0,Anton Corbijn,61609,0.871577,2000s
U,100,Animation,7.7,71.0,Nathan Greno,405922,200.821936,2010s
R,145,Drama,7.7,71.0,Paul Verhoeven,72643,4.398392,2000s
A,134,Drama,7.7,87.0,Ang Lee,323103,83.043761,2000s
A,122,Action,7.7,76.0,James Mangold,288797,53.606916,2000s
UA,112,Crime,7.7,66.0,Paul Haggis,419483,54.5803,2000s
UA,99,Action,7.7,78.0,Stephen Chow,127250,17.108591,2000s
A,108,Action,7.7,73.0,Paul Greengrass,434841,176.241941,2000s
R,101,Drama,7.7,61.0,Brad Anderson,358432,1.082715,2000s
A,152,Biography,7.7,73.0,Taylor Hackford,138356,75.3316,2000s
UA,102,Comedy,7.7,89.0,Sofia Coppola,415074,44.585453,2000s
UA,157,Adventure,7.7,81.0,Mike Newell,548619,290.013036,2000s
UA,146,Action,7.7,47.0,Tony Scott,329592,77.911774,2000s
U,100,Animation,7.7,80.0,Henry Selick,197761,75.286229,2000s
UA,154,Action,7.7,55.0,Edward Zwick,400049,111.110575,2000s
R,114,Drama,7.7,83.0,Peter Mullan,25938,4.890878,2000s
R,121,Comedy,7.7,68.0,Wolfgang Becker,137981,4.0642,2000s
PG-13,105,Drama,7.7,76.0,Jim Sheridan,40403,15.539266,2000s
PG-13,132,Drama,7.7,28.0,Jessie Nelson,142863,40.311852,2000s
R,115,Comedy,7.7,83.0,Spike Jonze,178565,22.245861,2000s
A,144,Drama,7.7,74.0,Ridley Scott,364254,108.638745,2000s
A,117,Crime,7.7,72.0,Sam Mendes,246840,104.454762,2000s
R,120,Drama,7.7,60.0,Oliver Hirschbiegel,90842,0.141072,2000s
R,110,Drama,7.7,74.0,Stephen Daldry,126770,21.995263,2000s
R,95,Comedy,7.7,85.0,John Cameron Mitchell,31957,3.029081,2000s
UA,116,Crime,7.7,74.0,Steven Soderbergh,516372,183.41715,2000s
U,103,Animation,7.7,62.0,Yoshiaki Kawajiri,29210,0.151086,2000s
U,107,Adventure,7.7,69.0,Joel Coen,286742,45.512588,2000s
A,81,Animation,7.7,73.0,Trey Parker,192112,52.037603,1990s
R,89,Comedy,7.7,68.0,Mike Judge,241575,10.824921,1990s
A,122,Crime,7.7,69.0,Antoine Fuqua,390247,76.631907,2000s
UA,93,Comedy,7.7,86.0,Wes Anderson,169229,17.105219,1990s
U,119,Drama,7.7,79.15668202764977,Alejandro Amenábar,64082,0.368234,1990s
R,113,Comedy,7.7,90.0,Spike Jonze,312542,22.858926,1990s
A,139,Comedy,7.7,67.0,James L. Brooks,275755,148.478011,1990s
UA,126,Action,7.7,52.0,Luc Besson,434125,63.54002,1990s
PG-13,80,Comedy,7.7,73.0,Francis Veber,37424,4.065116,1990s
A,127,Biography,7.7,76.0,Mike Newell,279318,41.909762,1990s
U,105,Biography,7.7,87.0,Scott Hicks,51350,35.811509,1990s
A,129,Crime,7.7,47.0,Gregory Hoblit,189716,56.116183,1990s
PG-13,242,Drama,7.7,79.15668202764977,Kenneth Branagh,35991,4.414535,1990s
U,97,Drama,7.7,83.0,Alfonso Cuarón,32236,10.019307,1990s
U,108,Biography,7.7,81.0,Michael Radford,33600,21.848932,1990s
R,92,Comedy,7.7,70.0,Kevin Smith,211450,3.15113,1990s
R,188,Comedy,7.7,79.0,Robert Altman,42275,6.110979,1990s
UA,125,Drama,7.7,66.0,Jonathan Demme,224169,77.324422,1990s
G,85,Comedy,7.7,64.0,Brian Henson,50298,27.281507,1990s
U,202,Biography,7.7,73.0,Spike Lee,85819,48.169908,1990s
UA,112,Action,7.7,76.0,Michael Mann,150409,75.505856,1990s
U,94,Animation,7.7,83.0,Hayao Miyazaki,77798,217.350219,1990s
R,100,Crime,7.7,82.0,James Foley,95826,10.725228,1990s
U,138,Drama,7.7,62.0,Rob Reiner,235388,141.340178,1990s
PG-13,130,Drama,7.7,64.0,Jon Avnet,66941,82.418501,1990s
U,116,Comedy,7.7,69.0,Joel Coen,113240,6.153939,1990s
R,115,Crime,7.7,66.0,Joel Coen,125822,5.080409,1990s
U,104,Animation,7.7,83.0,Robert Zemeckis,182009,156.45237,1980s
R,107,Comedy,7.7,84.0,Bruce Robinson,40396,1.544889,1980s
U,163,Biography,7.7,76.0,Bernardo Bertolucci,94326,43.98423,1980s
U,153,Action,7.7,62.0,Steven Spielberg,115677,22.238696,1980s
R,130,Crime,7.7,54.0,Jean-Jacques Annaud,102031,7.153487,1980s
A,120,Drama,7.7,76.0,David Lynch,181285,8.551228,1980s
U,82,Comedy,7.7,75.0,Woody Allen,47102,10.631333,1980s
UA,97,Comedy,7.7,90.0,Martin Scorsese,59635,10.6,1980s
PG,79,Comedy,7.7,78.08849557522124,Woody Allen,39881,11.798616,1980s
U,129,Drama,7.7,77.0,Sidney Lumet,36096,54.0,1980s
U,113,Action,7.7,67.0,Nicholas Meyer,112704,78.912963,1980s
A,93,Action,7.7,61.0,Ted Kotcheff,226541,47.212904,1980s
U,124,Drama,7.7,86.0,Robert Redford,47099,54.8,1980s
U,88,Comedy,7.7,78.0,Jim Abrahams,214882,83.4,1980s
A,91,Horror,7.7,87.0,John Carpenter,233106,47.0,1970s
R,126,Drama,7.7,71.0,Roman Polanski,39889,1.924733,1970s
A,93,Comedy,7.7,73.0,Mel Brooks,125993,119.5,1970s
A,130,Biography,7.7,87.0,Sidney Lumet,109941,29.8,1970s
A,102,Action,7.7,83.0,Robert Clouse,96561,25.0,1970s
U,109,Adventure,7.7,80.0,John Boorman,98740,7.056013,1970s
A,104,Action,7.7,94.0,William Friedkin,110075,15.63071,1970s
A,102,Action,7.7,90.0,Don Siegel,143292,35.9,1970s
G,105,Comedy,7.7,86.0,Gene Saks,31572,44.527234,1960s
A,100,Drama,7.7,79.15668202764977,Luis Buñuel,40274,0.026331,1960s
U,120,Biography,7.7,72.0,Fred Zinnemann,31222,28.35,1960s
U,138,Drama,7.7,77.0,Cy Endfield,35999,72.0,1960s
A,110,Action,7.7,87.0,Guy Hamilton,174119,51.081062,1960s
A,119,Drama,7.7,90.0,Alfred Hitchcock,171739,11.403529,1960s
Passed,106,Drama,7.7,76.0,J. Lee Thompson,26457,4.05,1960s
Approved,128,Action,7.7,74.0,John Sturges,87719,4.905,1950s
Passed,129,Comedy,7.7,78.08849557522124,John Ford,34677,10.55,1950s
U,92,Drama,7.7,79.15668202764977,Robert Wise,76315,5.9849465,1950s
PG,105,Adventure,7.7,91.0,John Huston,71481,0.536118,1950s
Approved,110,Drama,7.7,79.15668202764977,Charles Vidor,27991,17.057,1940s
G,125,Animation,7.7,96.0,James Algar,88662,76.408097,1930s
PG-13,126,Biography,7.6,73.0,Todd Haynes,60408,7.0,2010s
U/A,102,Drama,7.6,71.0,Aneesh Chaganty,140840,26.020957,2010s
A,161,Comedy,7.6,83.0,Quentin Tarantino,551309,142.502728,2010s
R,127,Drama,7.6,86.0,Andrey Zvyagintsev,29765,0.566356,2010s
A,111,Drama,7.6,92.0,Sean Baker,95181,5.904366,2010s
A,137,Biography,7.6,68.0,Destin Daniel Cretton,46739,7.0,2010s
PG-13,101,Drama,7.6,60.0,Marc Webb,99643,24.801212,2010s
PG-13,97,Adventure,7.6,70.0,Tyler Nilson,66346,13.122642,2010s
PG-13,97,Drama,7.6,83.0,Deniz Gamze Ergüven,35785,0.845464,2010s
UA,136,Action,7.6,67.0,James Gunn,569974,389.813101,2010s
UA,113,Action,7.6,86.0,Edgar Wright,439406,107.825862,2010s
UA,134,Action,7.6,72.0,Joseph Kosinski,58371,18.340051,2010s
UA,142,Drama,7.6,81.0,Steven Spielberg,287659,72.313754,2010s
UA,118,Animation,7.6,80.0,Brad Bird,250057,608.581744,2010s
U,107,Animation,7.6,81.0,Ron Clements,272784,248.757044,2010s
A,121,Action,7.6,82.0,Denis Villeneuve,371291,46.889293,2010s
A,133,Drama,7.6,82.0,Ryan Coogler,247666,109.767581,2010s
R,140,Crime,7.6,92.0,Andrey Zvyagintsev,49397,1.0928,2010s
R,102,Action,7.6,88.0,David Mackenzie,204175,26.86245,2010s
PG-13,98,Biography,7.6,77.0,Stephen Frears,94212,37.707719,2010s
UA,130,Action,7.6,79.0,Matt Reeves,411599,208.545589,2010s
A,101,Action,7.6,73.0,Gareth Evans,190531,4.105123,2010s
A,109,Action,7.6,68.0,David Ayer,228132,41.003371,2010s
U,94,Animation,7.6,80.0,Hiromasa Yonebayashi,80939,19.202743,2010s
UA,136,Drama,7.6,88.0,Bradley Cooper,334312,215.288866,2010s
PG-13,110,Drama,7.6,80.0,Ethan Coen,311822,171.243005,2010s
R,118,Drama,7.6,65.0,Susanne Bier,38491,1.008098,2010s
U,95,Animation,7.6,72.0,Pierre Coffin,500851,251.513985,2010s
R,100,Comedy,7.6,72.0,Jonathan Levine,315426,35.014192,2010s
UA,117,Action,7.6,66.0,Matthew Vaughn,524081,48.071303,2010s
PG-13,133,Biography,7.6,87.0,Bennett Miller,369529,75.605492,2010s
R,120,Drama,7.6,70.0,Pedro Almodóvar,138959,3.185812,2010s
A,88,Adventure,7.6,73.0,Ruben Fleischer,520041,75.590286,2000s
PG-13,128,Action,7.6,57.0,Guy Ritchie,583158,209.028679,2000s
UA,129,Biography,7.6,53.0,John Lee Hancock,293266,255.959475,2000s
PG-13,104,Drama,7.6,79.0,Tom McCarthy,41544,9.422422,2000s
UA,123,Drama,7.6,36.0,Gabriele Muccino,286770,69.951824,2000s
R,100,Action,7.6,82.0,David Cronenberg,227760,17.114882,2000s
U,127,Adventure,7.6,66.0,Matthew Vaughn,255036,38.634938,2000s
R,129,Crime,7.6,76.0,Spike Lee,339757,88.513495,2000s
R,114,Crime,7.6,72.0,Ben Affleck,250590,20.300218,2000s
PG-13,140,Biography,7.6,66.0,Olivier Dahan,82781,10.301706,2000s
PG-13,104,Action,7.6,70.0,Ronny Yu,72863,24.63373,2000s
U,110,Drama,7.6,68.0,Neil Burger,354728,39.868642,2000s
UA,153,Action,7.6,78.0,David Yates,474827,301.959197,2000s
A,117,Action,7.6,52.0,Zack Snyder,732876,210.614939,2000s
R,124,Drama,7.6,72.0,Woody Allen,206294,23.089926,2000s
A,162,Action,7.6,56.0,Zack Snyder,500799,107.509799,2000s
R,122,Action,7.6,62.0,Andrew Niccol,294140,24.149632,2000s
UA,103,Horror,7.6,46.0,James Wan,379020,56.000369,2000s
R,124,Drama,7.6,67.0,Charlie Kaufman,83158,3.081925,2000s
R,105,Drama,7.6,73.0,Gregg Araki,65939,0.697181,2000s
R,93,Comedy,7.6,45.0,Yann Samuell,67360,0.548707,2000s
U,133,Drama,7.6,76.0,Jean-Pierre Jeunet,70925,6.167817,2000s
R,89,Comedy,7.6,81.0,Tom McCarthy,67370,5.739376,2000s
UA,124,Crime,7.6,70.0,Alejandro G. Iñárritu,224545,16.290476,2000s
R,129,Crime,7.6,56.0,Chan-wook Park,62659,0.045289,2000s
U,106,Biography,7.6,67.0,Marc Forster,198677,51.680613,2000s
R,135,Drama,7.6,68.0,Spike Lee,169708,13.060843,2000s
U,113,Drama,7.6,30.0,Eric Bress,451479,57.938693,2000s
A,113,Drama,7.6,73.0,Danny Boyle,376853,45.064915,2000s
A,110,Comedy,7.6,76.0,Wes Anderson,266842,52.36401,2000s
A,106,Drama,7.6,88.0,Alfonso Cuarón,115827,13.622333,2000s
U,152,Adventure,7.6,64.0,Chris Columbus,658185,317.57555,2000s
PG-13,101,Horror,7.6,74.0,Alejandro Amenábar,337651,96.522687,2000s
R,124,Biography,7.6,52.0,Ted Demme,240714,52.990775,2000s
A,131,Drama,7.6,53.0,Jean-Jacques Annaud,243729,51.401758,2000s
A,145,Action,7.6,80.0,Steven Spielberg,508417,132.072926,2000s
R,146,Biography,7.6,74.0,Norman Jewison,91557,50.668906,1990s
A,101,Comedy,7.6,64.0,Mary Harron,490062,15.070285,2000s
UA,81,Crime,7.6,77.0,Tom Tykwer,188317,7.267585,1990s
A,170,Drama,7.6,78.0,Terrence Malick,172710,36.400491,1990s
U,88,Animation,7.6,71.0,Tony Bancroft,256906,120.620254,1990s
R,118,Adventure,7.6,41.0,Terry Gilliam,259753,10.680275,1990s
A,108,Crime,7.6,69.0,Michael Haneke,65058,64.61694,1990s
A,100,Mystery,7.6,66.0,Alex Proyas,187927,14.378331,1990s
UA,147,Crime,7.6,49.0,Barry Levinson,186734,49.1,1990s
A,134,Mystery,7.6,52.0,David Lynch,131101,3.796699,1990s
U,136,Drama,7.6,84.0,Ang Lee,102598,43.182776,1990s
A,128,Action,7.6,58.0,John McTiernan,364420,100.012499,1990s
R,121,Adventure,7.6,62.0,Jim Jarmusch,90442,1.037847,1990s
A,135,Drama,7.6,69.0,Clint Eastwood,73172,71.516617,1990s
U,92,Comedy,7.6,88.0,Krzysztof Kieslowski,64390,1.464625,1990s
R,113,Action,7.6,56.0,Joel Schumacher,171640,40.903593,1990s
U,102,Comedy,7.6,78.0,Richard Linklater,165465,7.993039,1990s
UA,120,Comedy,7.6,68.0,Jonathan Lynn,107325,52.929168,1990s
U,118,Animation,7.6,90.0,Isao Takahata,27071,0.453243,1990s
R,99,Comedy,7.6,66.0,Marc Caro,80487,1.794187,1990s
U,103,Comedy,7.6,63.0,Chris Columbus,488817,285.761243,1990s
A,162,Crime,7.6,60.0,Francis Ford Coppola,359809,66.666062,1990s
UA,95,Comedy,7.6,76.0,Rob Reiner,195663,92.8236,1980s
U,83,Animation,7.6,88.0,Ron Clements,237696,111.543479,1980s
U,85,Comedy,7.6,76.0,David Zucker,152871,78.756177,1980s
U,93,Comedy,7.6,72.0,John Hughes,124773,49.53028,1980s
A,109,Action,7.6,68.0,Richard Donner,236894,65.207127,1980s
A,99,Crime,7.6,82.0,Joel Coen,87745,2.15,1980s
UA,109,Drama,7.6,68.0,Mark Rydell,27650,119.285432,1980s
A,96,Action,7.6,77.0,George Miller,166588,12.465371,1980s
UA,92,Action,7.6,65.0,Walter Hill,93878,22.490039,1970s
U,95,Adventure,7.6,74.0,James Frawley,32802,76.657,1970s
A,112,Action,7.6,76.0,Don Siegel,121731,43.0,1970s
A,121,Biography,7.6,59.0,Alan Parker,73662,35.0,1970s
U,138,Drama,7.6,90.0,Steven Spielberg,184966,132.088635,1970s
A,112,Comedy,7.6,87.0,Robert Altman,26337,0.959,1970s
PG,157,Drama,7.6,77.0,Sergio Leone,30144,0.69669,1970s
GP,144,Adventure,7.6,50.0,Brian G. Hutton,45338,1.378435,1960s
U,78,Animation,7.6,65.0,Wolfgang Reitherman,166409,141.843612,1960s
U,87,Comedy,7.6,96.0,Richard Lester,40351,13.780024,1960s
Passed,118,Drama,7.6,85.0,Fred Zinnemann,43374,30.5,1950s
